trial_id, eps_id, agent_type, 0, 600
0,0,actu,36.52385481852314,32.46290718038531
