trial_id, eps_id, trips, missed_trips, loss, steps, rh_loss, dh_loss, max_delay, max_queue, agent_type
0, 0, 81046, 2481, 137.44545690101967, 55001, 42.434274166385926, 27.40261535870669, 2039.48, 104.0, actu
